{
    "total_runtime": 158.02869868278503,
    "num_documents": 1,
    "input_load_time": 0,
    "workflows": {
        "create_base_text_units": {
            "overall": 0.02240729331970215
        },
        "create_final_documents": {
            "overall": 0.014788150787353516
        },
        "extract_graph": {
            "overall": 0.1609046459197998
        },
        "finalize_graph": {
            "overall": 0.025970935821533203
        },
        "create_communities": {
            "overall": 0.032331228256225586
        },
        "create_final_text_units": {
            "overall": 0.02706599235534668
        },
        "create_community_reports": {
            "overall": 156.45488929748535
        },
        "generate_text_embeddings": {
            "overall": 1.2487266063690186
        }
    }
}